{"train_loss": [0.16467593565720356, 0.08631499116223283, 0.07717774306749639, 0.06928727145026797, 0.05678272268312063, 0.060716184704604506, 0.05557707999011593, 0.05381268050387342, 0.043702293790525475, 0.05105816591545322], "val_loss": [0.7467209696769714, 0.5752360224723816, 0.21403415501117706, 0.3544504642486572, 0.8193153142929077, 0.6132481098175049, 1.118985652923584, 0.12609092891216278, 0.13341237604618073, 0.04703643545508385], "train_acc": [94.1909509202454, 96.60659509202453, 97.14340490797547, 97.54601226993866, 97.96779141104294, 97.98696319018404, 97.96779141104294, 97.7760736196319, 98.29371165644172, 98.15950920245399], "val_acc": [62.5, 81.25, 87.5, 87.5, 62.5, 68.75, 62.5, 87.5, 93.75, 100.0]}